Date,Email,Name,Type,Message
2026-06-06T16:18:46Z,,,unknown,No message content
2026-06-06T16:20:31Z,,,unknown,No message content
2026-06-06T16:21:52Z,,,unknown,No message content
2026-06-06T16:24:01Z,,,unknown,No message content
2026-06-06T16:30:01Z,,,unknown,No message content
2026-06-07T12:57:43Z,,,unknown,No message content
2026-06-13T09:52:55Z,,,unknown,No message content
2026-06-13T10:06:15Z,,,unknown,No message content
2026-06-17T17:26:21Z,,,unknown,No message content
2026-06-17T19:05:10Z,,,unknown,No message content
